/*
 Navicat Premium Data Transfer

 Source Server         : MYSQL
 Source Server Type    : MySQL
 Source Server Version : 50732
 Source Host           : localhost:3306
 Source Schema         : qianxun

 Target Server Type    : MySQL
 Target Server Version : 50732
 File Encoding         : 65001

 Date: 08/03/2021 16:05:45
*/

SET NAMES utf8mb4;
SET FOREIGN_KEY_CHECKS = 0;

-- ----------------------------
-- Table structure for find
-- ----------------------------
DROP TABLE IF EXISTS `find`;
CREATE TABLE `find`  (
  `findID` int(20) NOT NULL,
  `category` varchar(50) CHARACTER SET utf8 COLLATE utf8_general_ci NOT NULL,
  `time` datetime(0) NOT NULL,
  `userID` int(20) NOT NULL,
  `title` varchar(255) CHARACTER SET utf8 COLLATE utf8_general_ci NOT NULL,
  `content` varchar(500) CHARACTER SET utf8 COLLATE utf8_general_ci NULL DEFAULT NULL,
  `score` int(20) NOT NULL,
  `imageID` varchar(255) CHARACTER SET utf8 COLLATE utf8_general_ci NULL DEFAULT NULL,
  `locationID` int(20) NOT NULL,
  `accepting` int(200) NOT NULL,
  `finish` int(5) NOT NULL,
  `click` int(11) NOT NULL,
  PRIMARY KEY (`findID`) USING BTREE
) ENGINE = InnoDB CHARACTER SET = utf8 COLLATE = utf8_general_ci ROW_FORMAT = Dynamic;

-- ----------------------------
-- Records of find
-- ----------------------------
INSERT INTO `find` VALUES (156489, '数码产品', '2021-03-08 15:36:15', 2159879, '上海市松江区丢手机', '上海市松江区松江大学城附近丢失华为手机P30，手机壳为红色，捡到请联系失主张先生：xxxxxxxxx', 20, 'cloud://look-find-program-5e8hh5a7f82bae.6c6f-look-find-program-5e8hh5a7f82bae-1305064011/my-image.png', 124698, 2, 1, 51);
INSERT INTO `find` VALUES (231234, '钥匙', '2021-03-08 12:17:19', 4364566, '陕西省西安市丢了一把钥匙', '钥匙环上套着三把钥匙，我现在紧急需要，如果有人能帮我找到，我愿意支付100元的现金作为报酬。', 15, NULL, 432454, 2, 1, 20);
INSERT INTO `find` VALUES (459798, '宠物', '2021-02-19 12:18:33', 1654978, '上海市人民广场丢狗', '上海市人民广场丢失萨摩耶一只，请捡到的人联系失主李女士：xxxxxxxx，重金酬谢', 20, '	cloud://look-find-program-5e8hh5a7f82bae.6c6f-look-find-program-5e8hh5a7f82bae-1305064011/find表图片/55e736d12f2eb93845cbd503de628535e4dd6f99.jfif', 126468, 0, 0, 15);
INSERT INTO `find` VALUES (594876, '钱包', '2021-03-01 11:54:07', 1564598, '北京市朝阳区丢失钱包', '北京市朝阳区丢失红色钱包，请捡到的人联系失主张女士：xxxxxxxx', 20, 'cloud://look-find-program-5e8hh5a7f82bae.6c6f-look-find-program-5e8hh5a7f82bae-1305064011/my-image.png', 165489, 1, 0, 0);

-- ----------------------------
-- Table structure for location
-- ----------------------------
DROP TABLE IF EXISTS `location`;
CREATE TABLE `location`  (
  `locationID` int(20) NOT NULL,
  `province` varchar(255) CHARACTER SET utf8 COLLATE utf8_general_ci NULL DEFAULT NULL,
  `city` varchar(255) CHARACTER SET utf8 COLLATE utf8_general_ci NULL DEFAULT NULL,
  `town` varchar(255) CHARACTER SET utf8 COLLATE utf8_general_ci NULL DEFAULT NULL,
  `exact` varchar(255) CHARACTER SET utf8 COLLATE utf8_general_ci NULL DEFAULT NULL,
  PRIMARY KEY (`locationID`) USING BTREE
) ENGINE = InnoDB CHARACTER SET = utf8 COLLATE = utf8_general_ci ROW_FORMAT = Dynamic;

-- ----------------------------
-- Records of location
-- ----------------------------
INSERT INTO `location` VALUES (124698, NULL, '上海市', '松江区', '松江大学城');
INSERT INTO `location` VALUES (126468, '山西省', '晋城市', '城区', '科技楼');
INSERT INTO `location` VALUES (432454, '陕西省', '西安市', '莲湖区', '行知小学');
INSERT INTO `location` VALUES (458978, '', '上海市', '黄浦区', '人民广场');

-- ----------------------------
-- Table structure for lost
-- ----------------------------
DROP TABLE IF EXISTS `lost`;
CREATE TABLE `lost`  (
  `lostID` int(20) NOT NULL,
  `category` varchar(20) CHARACTER SET utf8 COLLATE utf8_general_ci NOT NULL,
  `time` datetime(0) NOT NULL,
  `userID` int(20) NOT NULL,
  `title` varchar(255) CHARACTER SET utf8 COLLATE utf8_general_ci NOT NULL,
  `content` varchar(255) CHARACTER SET utf8 COLLATE utf8_general_ci NULL DEFAULT NULL,
  `image` varchar(0) CHARACTER SET utf8 COLLATE utf8_general_ci NULL DEFAULT NULL,
  PRIMARY KEY (`lostID`) USING BTREE
) ENGINE = InnoDB CHARACTER SET = utf8 COLLATE = utf8_general_ci ROW_FORMAT = Dynamic;

-- ----------------------------
-- Records of lost
-- ----------------------------
INSERT INTO `lost` VALUES (123456, '钱包', '2021-03-08 15:38:34', 1235464, '在上海市人民广场捡到蓝色钱包', '钱包中有身份证，请失主尽快联系我确认', NULL);
INSERT INTO `lost` VALUES (423532, '其他', '2021-03-08 12:11:01', 4543534, '我在汉中兴元湖公园捡到了一个玩具', '应该是小孩子玩的，益智类的玩具，今天可以在凉亭附近等待人来取，联系方式：XXXXXXXXXXX。', NULL);

-- ----------------------------
-- Table structure for user
-- ----------------------------
DROP TABLE IF EXISTS `user`;
CREATE TABLE `user`  (
  `userID` int(20) NOT NULL COMMENT '主键',
  `nickname` varchar(20) CHARACTER SET utf8 COLLATE utf8_general_ci NOT NULL,
  `head-portrait` blob NULL,
  `score` int(11) NOT NULL,
  `code` varchar(255) CHARACTER SET utf8 COLLATE utf8_general_ci NULL DEFAULT NULL,
  `openIdID` int(20) NULL DEFAULT NULL,
  PRIMARY KEY (`userID`) USING BTREE
) ENGINE = InnoDB CHARACTER SET = utf8 COLLATE = utf8_general_ci ROW_FORMAT = Dynamic;

-- ----------------------------
-- Records of user
-- ----------------------------
INSERT INTO `user` VALUES (1234567, '飞飞', 0x89504E470D0A1A0A0000000D4948445200000040000000400806000000AA6971DE000000097048597300000B1300000B1301009A9C1800000E1949444154789CED9B7B78D4D599C73FE737B94F4248209124DC82845B9299F9253313E45E40BB285E6005AB752BCF56FBD8EAD64ADDE769FBB06AC5A7AE5DD9B696AD6DB18B54AB28C896AAE005588AA2E63AB910281821DCC235C1DC43667EBFB37FCC359349984902D167FBFD6BCE7BDEF39EF77D7FE7BCE79CF79C81BFE3FF37C4702B703560B1E7DF21A4B817E47804354291CF557C7AE05028DE617180AAAA994469DB01143DFAB6F2F2F2334326DB66FA15F0FD20F26521C49D1525556F07F32B43D571249051DA7D8015B06A8A73D550C9556DF96BE86D3C40AC9472436161614270C5B03840209686FA3D1814D8CCF78258EB2D4F49D059659E407C4C949734065C05C1EDAEA9035455CDB4D8CCEB41CEF253E52C8BCDBC5E55D5CC81CA351799BF26917FF09627C44B966527B3A0C0425AA2D1C7A7097D4470DB6B120302E6BCF50AAC6591C60493D534D520F8141809303A4672CF5805F3EC9B79F7503D5BCA6ABDAC2E458F1E1F2CFB9A8C0011E55A4A90F1C6381D639C1ECC6AD594EEB0A7C4820513E30C822D788C371A24CBD234665817507EEA3C5BCB6B03B8C5BA508EBD260E90AEA8B781B2405A7B97427B57AFEECB0C7A4CAF48DD179A3B927E09E4031804DC91AE33C35CC4A9768D0DFBCA91D2C7FA497787EBF15032AEE932A8AA6A26D1FA8F91F2E19E5A88F53895671C0E4743B8B22CF6FC15428A37BCE585A93A8BA64F223A3387A7FEF257DA2E777BAB1A143DDADAD7B41A9E7D80CDBCDF1F08C5C78ED2AAD991B4B7D9F2C6B9506A8064801CA364E5E414B2CD73F9E95BFB3879A9D9CB7A59D1995F5E5E5DDC97ACE1D90720DF0EF53B5C6852BC80C7F81151929B4649B2F366B2B9AC36D07804F2BBFD190F10D55FE5D58270193611A52D0730E8D12F45D256B59AEE96825BC03D7C978CD249CFCCA6FCC459761D3C1AD089585F5152BDF14AF286C5019EB96E8BB49DDD3E6D9453F22B6FD994A4939D9A846E1CCDA67DD5019C726F7242EAA3E1C81C962930503865CC3A200D20C900735321356B325B0F1CA3C3E9F270C933B8A256EEDDBBD7D5B7243FBE320E506DF98B81FBBCE585A334724C33F9BC53507BEE928F4F4ABEEB70382E842BF72BE180C2C2C20489F89DB73C2541A770D2786293D3D95C713890F5F5CAB29AED91C8FE4A384017DD6B054C02885360519A60DC94025E2BA9A1B9B3CBCB761197E15F22951DB10354BB79B56ACB6F50EDE6D591B61D08545BFE7C84F881B73C2F45635A7E11872F7EC15F8F1CF7F149211F8964E87B1191037273736340FE14448690F24977F9EA61EAECA94908B1098F9E13E325EA6823F12347B3F1234720EB5B952535AF0EA48F881C109BA8E42349049090141767C81B48A7E122A13BF6D74826807BE87F7DB42075EC54B6961EE45C4B9B97AD1997E1C181F6119103745DDCD4A3ACF42C0F25549BE9FB0444FDC5A334B2B22670AADDC50701431F29564772860846D867014B912547E87A25109856EA908A62A92CAEFC6CA00A8482B9C87C93A2CB1D8001203751E7F609C9248E9DC6BA7DD534765E76330AB63B4AAAEF184C5F618D008B35EF46A1EB7BE8693C4082D0F53D166BDE8D8351221026AB69AAA2CBD7F1189F112B599C6620252B873FD71EF71B0FE7711A1E186C7F7D8D0061B15B6E56A47EBB844240F5F2C627C0F2BB61DB6BD0D9E1E397804340B92E94ED9525953B3CB48860B69BA72852EE06C6022446C137332413AFCFC571B193370E1C0B54FCB68AD2EAB722ED2318211D60B15B6E1152EF754A8B4F801FFC08B227C3B13AF8E5BFF770820F52284B2B4B2ADF894411B3CD9CAB2077016300A204DC95A163C9B570BC4DE3854F0FA279321C02365494567F2712F97DE14BB111325BCDAA82DC8BC7F8180596A56BDC609F8B9292C14B159FF98C076A5D9709EBA0130E0CA188674F9FAD1B3336A31468F30C910C40B89C505E0C0946D8F8DB5E53A04222DE46284F78A6405828B09B160A7807180510A34896A56BCC9D390F8CC93CFBEE7E9ADA3BBDEC273585AF555754370EC0D690086B15B058F36E1442F903302E44F54990FFEC28ADD91569DF169BE94702D6E2F910B10A2C4FD798659F8B6E4CE6991D1F72B6D9B7DE3709833EA7AF2BAE8162D0CBA0D0347345456D5DBF6D6DF9AB14A9C45E9F3DE5C52D5BB668858585C9BAC1B909C9ED5E9E2403DC9EAE3373E67C9C31093CB3F323CEB7B47BAB3B25FAE2CAD2031F47625C3808390542E1ECE9B34D63B2AE930216F9A9E2714779CD5FFA6BA75A4D770B215E46B0B4E98BC629D7658E398AA2BD0FF82E47C6C64956648275E642BAA2E2F8D98E0FB9D0EA9B5F4E242B2BCB221E616121A220A828F2FD1E65BD6739040442AE09287F4311B21CC8F112D4113AF74C88A370F6128EB7397962FB5E2EB6F9E67CBB10E256475975BF4E1E0C224A895D6ED36B628C86362489025ABBBAB403FDF1ABD6FC7F003123882CC0BDCCDD384AA36862261373EDEC3C7494374A6B0373F98D8ACE2DE5E555FD2635078B8846406D6D6D378827800629C493EE723F10E231EFCF31293D0F8E59B192F9661399D3EDBCF06105AF97F430FEA4A2CB3957CAE80E05AEDABD80C566B1087407804181CD3F9ECE6B1FB6B26DDF291F4FC1F80CCEB7B573AAA925A0A52CD514B1BCBAB8FA54B0CCAB814165858B8A8A4674D155A8E8729A105C87C42811AD42CA1689BCD9CB37DF944CFAC86856AFCC43894D67EB071500549C08BAAC11F2BF5B9B3ABF57575777996B84881D60B3E54F7222EE526045B7DE69513CA3C83F7C25D24DF1B55931370D0025368DC7BEE54E21789D1080471C2535CF47AACF6011B603CC56B3DD80FEB80B718B20B2934EC9E156F22667A1C4A503F0D8B71622759D377757FA9924D323103964B8A2034C7653B601D623E5CD3228642802B2D362C84C8D222DD1405CB420363E86E6CB9203F51D1C39ED5ECE36BE7F0E83319BFB970B2EB574B07597833DA5877B76A4B064E8CC0A1FFD0641D56E7E10E47F78D360008A10E48F8F65C1B4046664C5121FE31731323581E414F746F1B253F29397EA293BD2EAAB2F9C3E8E9ABA06BA9D5A504FB245A03C54515AF5CA50181509423AA0A8A86844B7DEB919FC5F4508983735815BD544D2937B0F9C40E3BD7032829F6C3A49C981E3BDF83DBD1F07F17C8C887BB1B8B8B82534931F57E37559AFADB0AAAA999A70EE02E6786913D2A279E4A65416E51931C6F5DE3A84325E891E495C5A218BECD33978F42CA7CF7FE1AB93826205F1C3C913A73EB8FB833D1F9F3E7D3AACA83F665CFAC302FE09C8D485DE78B6E1DC47615BDA077A7C4AB5489D81AEED04C67B694BCC46BE313319D1C7640965BC30C4139562418828626360DD0F97F1EACE32B6BE57F69B8BAD9D2F3B8AAB3F05A828AD8A545FDFF941C00D91360E851E66A936D321601A40B441F0ED05C9CCCA711B2725549EE8222D298AB1A96EBF8D4C892739D548306246DD80884EEA45D75A4E8C4FB0AF393910453DE9B24A20DE43EA948A621E6C4236783CFBB45E949BE033BEB54B67DD8E467EB1B38927DEBCC0F96617C6A4D890C61BE2337B19DFD4D2CEA3CFBDC9C247B7BD5A5898777DA44A9AEDE6298A2EB7E0371E205E68FA564B9125A7AF76E1A0C71410C8A7BC9790BB6B3B58946BA4A553E7BF3EB84453BB3B723B354963878E7574620871604898D08BF6EEFE437C52750C600E8A6115F06F57524C55D54CCF8BD25942CA4508B7F18A70EF407429406012BA5E65B19976031F0B976153A477043D1C50515AB341B599BE09CC736A92E7763471A1C585EED9F52842B0CC9A84352709A184080A863844746FC71C3E76CE5F109C0E4F336DBB087A5AA708C9D3DF713F8159F3FB64B713205EC05260A9E7D549440F2F82D733A90BF180226535107BAED9FFC620294EE1C1C529E48F8D4531848E884A7412A156D6BA93FE3B4B29B5EA5E0CC3885E0B7A5549D59102BB69AD943CEDA565A7C5F0C8D753484D74AF9AB2D7FB463784128BD3A5111DE55F5D9D2E8DFA86266F5176C6386BC2514CD1A36FD314E72A4FB45F0CC4EB52B0E6F7C900DEAF0FD009EC92F049A4EF8DA08FADB0D0A27F2E85732502138053972406ACFF1D1D9749954644D0DAF8C69E63ACFF9F9DD87227F09F8F2DC7A028D4D435A0E93E8FD51FDE7FB89530E0D9E43C03014150600A301C24D5D2A0DC399895206442A4BCBCDC89A27F1B70029C6A74B2719F7F23A36B92F6D69EB9908ABA36D66F3B84AE4B8A6BEA3971C6FD6CE5BDFD01495CC97B0351B2AAA4EA88342877E2FEDA5E740ED678E82723E428395006F8323AFB8F74B2E7A0FF22A0ADD5AFCBC566174FFDE9842F58164C1FC7C4CC54BA9D2E7697041C7A14F9C7812A5A595CF99984DD01A45D437129DB6F4ACC515AFD3CF0BAB7FCCAFE668E9E7702FEF3BF4B933CF94A3D97DADC0133353981A71F5A8A10827DE59FD3D6E1BDC915758E929A4F06A9AF2F2D2E61B0B280307282DD1DDAFD480E81DBD85FBFDF445B974E52729CC7F8E3D4D4BB478622E0C9FBA6939A6CC4A5E96CD8B6DF2F48F2F26095152EC326DC8FAECB0612F042CA0C87A96066DE74A92B25DE63B13A29819F3F3089B5AF9E645F8DFF69EA034BC670EFC274A2530BD9B2A79E5FFCE97FBD55CDB80C390379C373B5117652B4C066BE4B22377BCB19A36238D3E80F842BE78DE6A15BDD7FFA68E910DCF3ECDF68F50C7F09FF5A595AFDDC90693D8408FB66E84CC3B9DA8CACEB52812280B64E7F52E3CEB9A379F836B7F1BA2E79FCE5631C3DE3099842D4393BB4FB2E5CB8109C05F95220A27B81C913A7AE063607D22665C4F1BDA5FEBFFBBCF0CE198AFFE65FEA8594ABAF787F308C087B04001C3C7850CE9D3DEFCF4DCD8D3978FEA971A9CD85E3F3367232E2F9E8600B2FBE1BB0EF473CEB28ADFECD502A3CD418D0C5C88A152B0C75F5877F0BDCDF8FE4ED8E92EAE5401F1BE72F07067533A45A4DFF88E077781E370488ADEAEE70CDA9ADAD6D0BD9F04B8488A64030CE369C3B342E6BF41F359428205D800BC1B668D17D4F65E5A1E62B0AF83B861FFF07D3413F5B16031E780000000049454E44AE426082, 12, NULL, NULL);
INSERT INTO `user` VALUES (1414234, '优雅的歌', 0x89504E470D0A1A0A0000000D4948445200000040000000400806000000AA6971DE000000097048597300000B1300000B1301009A9C1800000E2849444154789CE59B797454D77DC73FF7BD379266248D466884D0828490C426A30246C5267620102FC14B623B24711DBB6211B5C1AE97FAC489435D4E529B368E936363C01548605C3BE428B6DBE30DD7710D2D3B76C1B163212389451AED48689DEDBD77FB8784906024CD8C46FCD17ECF9973E6DDF7DBDE5D7EEFFE7EBFFBE0FF39C4D554B666CD1A8B94966CBFDF4C01255E08192F849042983DA649B7946A534F4F534D7979B9EF6AD9346E1DB061C306E5CC99D67C55351749C922E02F80A9803A0AAB099C01FE24047BA554F76666267DB161C306733CEC8C740788152BD6CD0579AF10FC08C88890DC0621D86D9AE25F77ECD87C1C9011921B990E58BE7CB91A17977C97103C05CC8F84CCE1200427A4141BBBBA9ADF2C2F2F37C62C6FACFC2B57AEFB1EC87F02A68DD59810710AC4FAB2B2CDE58C614684DD01AB563D788D94EA8B2097842B2342784FD3F4B5252525E7C2610EA703C4AA556BFF564AF12B9051E1281D07F408C1CF274F9EB82954671952073CF4D043895EAF780DB82D24F3AE1EFEA069FA5F979494F406CB107407AC5AB52E4B4AF90130332CD380185525D71ECB94B858EC168D388B0640B75FA7D3AF73A6BB87AACE1E3CC6987CDB67BA6E7E77D7AE575CC11007D501AB573F54609A620F901AAA3542086624C4735B460A331CF651159A5252D9D1C57B754D9CECE842CAB0FC5BBD692AB7EEDCF9F217A3DA371A4171F1BA698621F703C9A15A911967E3BEA999E4DA6307DA2EF8FC7C75A19333DDBD74FAFC00D8A32C4C89B331CB61C7116519A03DD5D9CDEBD5E7A8ED7187AA1AA051519485DBB7BF7C7A24A2113B60F5EA47320CC33C2084CC0C55FB347B1C8FE6E712A3F66DFCEA7ADCFCFBB97A4EB4753039D6CAD4F8BE6500D0E9D7A9E9EAA1B6C7CD9C09097C37338D8C582B006EDDE0A5AFAAF8BAB33B5413004E49A97E63C78E4D2DC3110CDB01454545318A623B08CC0D556B569C8D9F154CC7A2284829F9B0BE99B7CFB8B87192935B3326E18C0EFCF268F5FAD853D7C8FEA6F3DC9595C6CD69131142E0374D36FEA992B3DD41FBB6C1F8D4EFB72D7EEDB55FF704BA39ECBE7CDEBC852F027786A3B128378B345BDF08BE53DBC07FD437F3687E1EDF4A4DC6A65D527971755F1C059BA6523021816909F1BC51538B2E25D313E2518520313A8A232D6DE19893A6AA7EC7F1E3C7DE0F745309D4B862C5DAEF036BC3D2668BA160420200273BBAF8C0D5C413F9794CB3C70DA1F39A265B2A6BD8525983D71CFAEA9E668FE389FC3CDEAF6BA4B2A36FEA17242690668B09C72480B52B563C7C4BA01B57CC80A2A2C71C8A62BC0FC405A01F15F90E3BD73A139152F2724535DF4E4B61BE3371E07EABC7CB81E636B6559DE3BC14B41B92BDF52D082949B068D8B43EBFE088B2A00AC11E57238B2639114250D5D983AB372C87881072E9BC79053B8E1F3F3E44807639A1A2F87F01A484A505F0F58F666D8F9BC65E2F0278FB6C3DE77D7E4E75F772BED74DF6E40CEEBAF7FB2C585008C09123C7F8E4A3BDFCFEB33F9364B39217672329CA82555568707BA8ED71931967C36F8E29224E9532FA57C0EAC18D439C6051D1C3B315C53CC1304B2318A4586378EEDA7CF636B6507EDA456C5C2CD373A6E2488827276B32D3A74EC11A13782ABB3D1E2A6BCE507DB6960B1D5D5456D7D0DDDDC30FB3335834C9C9CF3EFD92668F375CD3000C2198515ABAA5EA62C39019A0AAE6CFA50CFFE1019A3D5EBAFC3AED5E3FB9F6585C8664D5BAE2A078ADC09CF474E6DCD877FDE4E33F25373E9636AF974E9F9F16EF9813452AF00FC0FD171B061EB6B878DD3429F9C158354829A9EAECC69012458C3DDDA02A02434255574FB8BBC2CBECE3BED5ABD70E6CE7073A40D7E51344284172AAB31BB76ED0E6F58DC96829256D5E1F6EDDA02ABC8D50200829E523172F14E8DBF4F4A7B022822FDB3BD9D7D84A83C78B7E5907BCFAEA1B5454545EC1535151C9ABAFBE31A44D97260D1E2FFB1A5BF9B2BD2352E621A558BE66CD1A0BF4FB004DB32D334D1222A5A0C5AF239118C695A37FC30DD793927265583179723A515197EF10058661F6CB1C73F66B309C86A12D05F668009158FB8331F8B12F5F023939D90179E2E2E2888B1BBAF518CC1BB12CE825D97F457F07082989685ACBEFF7238420FA8A110D1E866120A589A2284869E2F7FB23682180F80E2094152BFE66266184BAA3619A3D9E6F242560E87AC8BC86615052B203BFDF6061722279F6F8489B07E02C2A7A304B1142B9613CA4D7F7F67267662A1EAF8FEEEE4B1EDCEBF5B271E30BF4F65E8AEC7A7B7BD9B8F105BC5E6FFFC3EFE4DCB93AFC7E3FCBB333A80F2F1F302A5455142A8C21C53512BAFC3A3D7E83CC043B274E5C4ACC444747E3F3F979F7DD0F915222A5E4DD773FC4EFF7A3691A25253BA9ADAD63F1E21BC972D8E9F6EB7487318B828194146A20F2C6453A50D1D1C9379D0EDE7FE703AEBFFE2F51FB93232B57DECF4B2FBDC2B1639F017D69B3254B16F3E0838F919CECE489271EE637CFBFC84D490E4E76748D97798098AD0139E3257E5F432BEBE7CCE03F9BDBD8FD4639F7DDDFB7D5983C399D679FFD7BAAAA6A00C8CD9D4A6BEB79E2E36399356B06EFBDF301AAD7CB372765F1ECE727C7CB3C404C50E7CE2D5C4F98A1EF68E8F0FB498CB6B02C3D85373EFD9CF36D6DE4E7CF44511454552539D94972B2135555898F8F272D6D126FBDF96F1C3D78942767E572A2ED02FB1A5BC7C3B48BE855E7CE2DDC008C5B81E38BB60E526CD1DC9395CEDB27BEE28F7BFF1B8BC582DD1E8FD5DA1715B6B5B573E4C831B66EDD4ED3D93A7E7A4D1E5F5DE8E0F5AA73117FFF5F0EB172E55A833184BFC122D51A8323DA427B540CB1F17154579F4651FAD49AA6494E4E363D5DDD24FA3C74F874EAC34C7C84085D03BCF445A2E38A06B78706B7879C1C274F3FFD246EB79BF6F60B0024263AB05AAD3CF7DCAFA9A81E36813B1EE8D5802EAE42075C84DBED01C06AB562B55A03DEBB8A68D3804E606224A52A8A425494A57FFB2A703A93484F4F252D2D959C9CA9C3F22D5F7E17D5D535D4D737E07235D0D2D28A1060B158F0F9FC98634B890542BB06D402B96391A2692AA6D9E7AE525292696FBF80C7E3E599679E223D3D0D4DBB22F518100505F91414E40F5CEBBA4E5D5D3DBFFCE53F63B359713812686A6A414A89A208747DAC11A268D7409C02F9AD70D82D160B168BC6C285D7B160C17C323333D0340D97AB9E8D1B7FC3D75F57939515725169009AA671F2E4D7D86C369E7EFAEF484D9D84AEEB9C3B57C791239F72E0C061745D1F4BA054A5CE9B573803B83954CEA8A828F2F27258BFFE29E6CC994D62A263C0ABDBEDF1E4E4645356F61A292913494F0FB9A60AF4658B77EF7E93C71F5F37D0918AA29098E860F6EC592C5DBA989A9AD37474740CE40D428194E21575EEDC420558190AA3AAAA4C9F9ECBE38FAFC362093CBD9DCE24525226525ABA8BBCBC1C9CCEA4908CABA8A864EBD6528A8B8B983D7B56401A4D5359B0603E5555359C3FDF1672FA4D08F5192536563D0684FCD2BDFFFE7B07467C381416CEE3EEBBEF64D3A67FE1ECD9E04FB09C3D7B8ECD9B4B58BEFC7BCC9F3F72695251147EFCE31F062D7B10DC9999497F568F1E3D6ACC9953B84888E06382FCFC992C5DBA3828DA9C9C6C0CC360D7AEDF919696CAA44923D75C8E1EFD8CAD5BB773D34D4B58B62CB895191B6BA3AAAA86E6E690F6109FFCF6B7CFEFD20084906F81B829182E4D53C9CECE0A451177DCF11D12131D6CDFBE8B9C9C292C5A740333664CC366B301D0DBEBA6B2F2141F7FBC97D3A7CFF2C0033F1AA81A058B295332A9A8A8C408FE74C9EF6020296AFC41D7B54D0428955D0E5555435ECFD0970C2D28B8868F3EFA84DDBBDFE4FCF9366C362B5282C7E3C1E94CE2BAEB0A59B36605F63032407D4195166C0778354D7F1BFA1FB8A4A4A475E5CAB51F12E4E1271166C1C36E8FE79E7BEEE4EEBBEFA0ABAB9BE6E616344D2321C13EF02AF3783C783C9776840E8783A841A74646B24988E09CA094BC575252D2014347FC252274FA6BCF9E3F3273E674B2B22607BC2F84C06E8F1F1869D334292E7E2420ED4F7EF21831313154545472EBADDF8E8479280ADB06FE5FFC5356B6E523909F4742C1E1C347696A6A0E99EF1FE7E5B3ED866B077E09FDE172535333870F1F8D846900874A4BB77C78F162F00C90A03C07F2F791D2142A769FAE65E2A0CA71C7B80447F21906951986BCC8FBCFDDEE1F07ADA362C992454C9C3B1766CE1CF82D59B208872362052B80FF2A2BDBFAF1E086CBBDBE344D1E51143E23CC2489AEEBD4D6BA881EE6205420288AC27DF70D5F9C6A6868A4B6D685AEEB41075601E0374D1EE5B222D3150FB973E79613205F0857CBDEBDFB494B4B65F6ECFCD189834441C135A4A64E62DFBE314DCE67FA9E6D28028E725757EB7AE07FC2D172E8D011962DBB79D46D7228501485DB6EBB854387C27584F2405757CBF30165076A2C2F2FF7A9AAB897BE6C51F06AA4A4A1A189A953A7846EE328C8CECEA2A1A1299CF306EDC003C37D5C31EC306DDBB6F96B21C45D40D0C1B66118F87CBE2B525D9180CD661B289D85003788DBCACAB6D60C4730E23C2D2DDDFC31B022586D9AA6919C9C4443436308360687FAFA0692939DA13841434AF183B2B2CD8746221A75A196956D795D08B18ABEAFB946456E6E2E070F1E09D2C6E071F0E011F2F2820E584D21E4AA1D3B36BF3B1A61509EAAB4747399A2B01CC4A8C7B46EBFFD16F6EF3F84CB551F8CE8A0E072D573E0C0616EBFFDD660C8BB85907796966E7D3518E2A05DF5F6ED5BDE12422C0131A24F4849994842821D97AB2158D1A3C2E56A2021C1CEC489A31E63F09BA6B2B0B474EB7BC1CA0EE95D555AFAF2014511D5A3D18513CE4642A6A228D5C17C243184275443A4647C8AF5114038B6851CD817173FD2621886332323BD07A400A22E3F5DDAD6D62EAC561B566B74446A9B6EB757B8DDBD4C989038449E1098800F84ACAB73C5AAAADABA6DDBA6908EFB84BCB1364DBD0844725DDDC8DF24B9DD912F6EBA5C23CB344DFDAA1616FF4FE07F01F44153878BB26BDA0000000049454E44AE426082, 25, NULL, NULL);
INSERT INTO `user` VALUES (1943853, '冰帆', 0x89504E470D0A1A0A0000000D4948445200000040000000400806000000AA6971DE000000097048597300000B1300000B1301009A9C1800000BA149444154789CE55B5D6C14D715FECEDD59836117DB24109CB496608D8952A98A922826A66A83D791414DA2AA6A1B42408587284D0C82075049139180D280141E825C42AB3E604442A0ADA22A3F8A5D76D769440C441455958AC09E85CAA1B643F8D965C7187B67EEE9C3CE98D961BCBBE35DAF2BE5482BCDDC7BEEDC73BE997BEFF95B601A29AAA67AA26AAA673A65A0724DD4752EB150517C9D0C74864381CD910BD7E708F627004052BABA6551CD8D585CDB0B6085AE1BADADF7575F2C875C4A39260100BFA0F90C2C26A02116D72A67FAC5AFC7D299BE998A10B1B8F60700CF0360BFA0F900CA028028C72400D0DC50750A8436000CE0F974DAB7DFEA33AF9F07C020B43537549D2A975C655B021645E3A917C1D8E7323783D0160E05F7BB8D9B2A2A3B00802B08D3A23C50C6250000DDDDAC00403814DCCF8C8D563B33365ACAFFE9DF5C514E99260540B44F5B1B556F34791D27EB863F88AAA93700C0A7E8EF59EDD675544DBD71D78CD45F3DCBA3DE688AF4696BBC8E03260900815B41E251AFE3247C1B003C1B5353BF75F645E2DA9B009E95E4FF957781C4A302BCC2F3381408C0DFCE0DDF1BEB4D364E66023B3D11AAEC97A42C67609521957110A4AEBC49CCCF4852963F11AAEC2F769E586FB2B1BBEFE6770AE12D080045E8DF6521BA22AA362994ED6481408CDBCF22B4964AF988AAAD6021BA98D3F715C25F1000CD0D55A718B48AC047DC4088C6B50FBBCE2516162AE413A1CA7E265E69DD33F14A2FCA779D4B2C8CC6B50F9DED11555B41E0230C5A55A82D51F01ED0521FE8B44060C223599DCC0F54F8FD7715FA2C00F009E3B2DB752154E1F7DF05E607B244203C6229DF521FE82CF459394DE1489FB6266B7361061386002C21E6A017A1A7928839C8C01200E705F39A585F6AFC446050577871E0D04463730240242F3089D38EE6D3E6845B62F1E499E650D527C5895F1CC5E2C91F33630B01DB9928C577D897329E6B7C4E00C2F5737A00B8BAABB178F20CB3381C8B2757337B13BA5494515E1C2692AB27FB22266D093687AA3E2192AB99C56100B513F11D3831F878C78941ED60CFC0AE429F7DB0676057C78941EDC089C1C773B0D516AB3CE0D11D8EC6B50FED9B8FF9E61500B318DC00C0B95C208046066633D1B68E9E41655D53EDD65C7374F40CBEC5842DD658009F3979CCB96601B8C92CF646D5D4DEF14EA2B3E150E0E94275F204809ED637B9EDF60C6E60E67722AA76CDB9034B22226B8D10B674F40C6222103A7A06DF82A9BC35D6C91351B515CCFC0E113D47A05E67FF583A7DD58B4E9E0030A3346E818AD31155BB66DA09EEC7105102CCD5160800B2CCE12CE52D5E07D9CFF970A8F0A32E1795CC1BB4DB09AE16237394895E060010B6F40F8DEEB4BAFA8746775ACA33D1CB608E3A87DB95F772CEE7A392BAC3F94058BF74C16E0B04066F4C686348686360F04620A3FCFAA50B763BC74D95F2C014C403BC80901A19436A640CC0F4280F4C5140C40EC20CBFD2E0EC5FBF74C16E126287754F42EC70537E865F69984AE5811244850F9C187C5C008DCE1DFBAB2B1A66F8950F04F35AB77175F32BDE1E1EA1D700607625BFEDC62398D77E9D1C3D349AD61F3C7072E841471F4BE0D4FAC76A3F2B46FEA20120E0630666938B393866C5BD01F88498E7ECAFACF099577A56BB4F88798694B895D61500EBDD02979C997B184060F2D29B00749D4B2CF40B9A3F99703431B733D1B6CC0D25DC76709F10F3EEAE9AF95044D556589FB291A6B9642E40234D73012480CC9A4FEBC6435792B73E37A4FCE6CE09296C1D91C4DCEE555E00E8EE4B2E35982FB734545F200088AAA9F30016DB23B3DDDDACC8BAE10F247C1BF2F9EAF6333CEF6646D426989F62E06700AC4FC020E02F92E82362DE37D19A3F7072681B31674C6AC69E7C56E5B1F8489DE0F4EFAF8E067FF28BEFD118703B224D44FF690E051689CCB3D00980C0D8178DA75E0480E5CB4907F3BF04EBDDC7E22375B9265AD754BB158C3D0040CCBB0E9C1CDAE6E469A90F7432511B31BFCBC033A6F203E6CFC7C033C4FC2E13B5954E79BD1BA0334EE53362F2C780790A844381CD00FEE804215C1F7C95898E960A04C1FC9479D90FF0B2707DF0BE707DF03E809765DAB2788A569E8023E1FAE0AB4EE501FCB13914D804F306C7E2D7AA662A42A4D3BEFDE6DB61666CB4C2D55257DE04A1958957E68BDEF40F8DEEB40C1B126247DDFC8AB7016BCDFB7A01F832CACFC972B363EA8D650C3A0EC0606934F8FC7C0D00FA2F8F6D66295FCB084BED750B666CCF35BF217DF389E9532674FA84FE0A0018BAF21C11DA01100147FD7EE3C55BBA945F2CAA4991999E7E2CD743BD5242BB6DE0DC5D5569DBED01000399B77E2745D4D400D95CEB9131035792230080606505AA03A5CD9930E19F65CD0CFD3F9208D7079B24A5AB2BFCC65C028E9AEDCC8C0DC2A7D7089F5E03C67E0017987889D536D1EFD237C3EDD6DB272176CCAEE41AE1D36B581A210006807BDDB24A31F5C632F3ED1B2C8D90F0E935B32BB9C6B218532363B8F4CD707BBEF9997809800B60EC1F6F636C40C6740001472BFCC65C49E9EAE38B020F93A92DD9F3F3F6E33012D70A4E5AE43B0E636AEA88B9C7F413787573FD9C2F2CE5197418401D01479BEB83ABECE38AD9049BEB83AF00AE9BE00B44C40200CCCA8C3B948FAAA9374AA53C0048A28FCCCB3A061D8FA8A981889A1A3037BF3A07CF38D91D28339EF0562E59EC19282B17190E05F7DBEB134C9D2D67889E722A9FC9D2F243A5523EA26A2B88791F13AD31979A4140ADF5D913709489D610F3BE7C5EA4171040F47D7B56DA06C2CACCA30044FB1221019AB77C71D5C95C0F75A3833D03BB0A3585FD8AEFE7969113E94D2C22E18B03004B23D4D2507DC1022AAD1B7FBE92BC75A6005378F72F9BEE7DD9ABCCB1DE64635AF2E5D6FBAB2F165D20D171625003303B1F9F4F88CFD736DEF323EBBEFBE2F56A6928D70140F8F49AE50B6B1256DFA1535FFFDD90F287054C3FBCEEB1DAE29DA162888127DDDC6120E3CF0BE6B5B7D2BAE2F63647C60C00C0ECCAEC768B77A65FD125D1A1D1B47E47F0D372878B95BF68004C7FFC3367BBE9FC6CFB3A397A08C07A67BF69E10100AEA6C46600AF3B7924D1A17BAA66FC943173CA0222536208D9C3586E6FEFC0C9A16D96790B002CE56B6EBEC3685AEFCD19682D01951C807C313CFB991EACAC40B03263DEE6F422A710849202E0457902B5570732F63D81DA81E901A16400E48DDE1285EDD69CDDABAB5B3063BBDD950651D8397CAA40F0B409769D4B2CCC951ACB19BDB5323DA629DB7DF17A56E6675D53EDD68E9E4180B0C52D2B04644088A8DA2A021F89C5B597264A8D79A933F60480E257F64A960F389A6B01CC22A2E7DCD25582F976B8348F1D9F058239D6C9D3521FE88CC5B59798F93D06DF0430E890F12C80A9498E3AB3AE567E1EC04DB7B70100123845C03031B71762B5AD6BAADD7AB0674067A28D139DF304EA3595D789E4A6B2A5C7ED642F4E60167B27E233ED044FD69A09543EB00689E426AB4863B220E40420AADE68722B8824E62033B658C50959F9F9325273A8EA934C858A381C53537B9828750713CB2F9DE1373BE5FE0258848839AB228C098F30B08480EDD35D1F049820A8A93D0CEC04F379E2EC220D0971051394F900F96A8432D555E31556E651F72480F3AE684F1331510ACCE7012C9044EF7A319B0BB603ECE7BC1365109DF55A996148DF7CB7EB42682C9DBE0AA2B35922304E4FC64E280880586FB2319791130E059EF672F61E8B8FD411D3A7D63D317D9A2FEF60A7D6FBAB2FBAD501D98DA5426B9B0B0280C8FF5F92B2B5141E9915AF63C2ED6731BA0A49BE14422DF5814E92B25597CA5785F017740C2E5F3CEB12804B4549067BBA0AEFFB84BE471ACA4B002014FD376C28D74D108A2E9AF692E49D942F20419D60F9A5D77102C6EF001CB6D2557632A3B7EF9B3CDE88E5970CEAF23CAEDC6405270120D2976A8BAA298EAA298EF4A5DADC78CA41DFFA3F4D7DEBFF3657D6DCA05D795B1A0EE675566ABE5C54360062BDC9467B6ACAEF37C61535AFC7EB134AF1FFA442A96C00A4255F061007D0DE1C0ABC704B3743C2006EE9523687022F006807A09ABC65A169D90401E07566F1830BDA3F00E0F8A2C0C3AF13C97C63A682FE0729E7C14DCB594CAB0000000049454E44AE426082, 8, NULL, NULL);
INSERT INTO `user` VALUES (3454353, '伙伴一直在', 0x89504E470D0A1A0A0000000D4948445200000040000000400806000000AA6971DE0000000473424954080808087C086488000000097048597300000B1300000B1301009A9C180000070B49444154789CED5A696C1465187E6667BAD3EDF6A22D6C5B5A0452C472B5DC94CBC80F905283600828621409D510C01F9A40AA881A0C3F90A3785410130845A0A0582004E5682D883DB8114848E5284777B7C7EE76B7B3BBDD99F1C7DAE92EDD5DE6825D034FD2E4FB76DE6B9E7EC7FBBDDF1037682D8FA7189A7007106E3C2320DC01841BCF08087700E1C6FF830082F0FE3D06508FC5AA0AA0478D42E2D265D04D9E0C2A35152008B0CD4D60CD4D00CBC26334C27DF932DA7FFF0DED274F022C2BCB0F1131798046037D41016267BF06DD8B2F823218008DB801DA515F0FCBA64D604E55C17DF5AA24B7914100412075D74F889D354B991D9E8771D122B495EE14EF3A1208A0737290595DA38A2DB6A519B7B2B2C0B7B78B928F8845903418D4B395940C7D418168F9882080A06955EDE9264E142DAB0A01A4C1008D5E2F5B9F7738D4080300C0D96C9262219751E46AA54E75932681EAD3071DF5F5B2F4D9D656781AEE824C4C009599A92896C637E783A9A880E7FE7D51F2AA8C008D4E077AF060D9FA9CC502EBF72568FE6495A2381C070FC271E8109CB5B5A2755421807338A07B698A723B8CB8953B18DC376E00BCB44D4D15023CB76E2166CA1450E9E98AEC506969CAE2B8735BB28E2A04B8EBEBC1D96CE8F1E1478AEC90C9298AF49DD5D59275D4390BB02CEC07CB91505888B63D7BE0ACFE2BB43C49222A2303549FE74065F4069596064D4A4FE8C6E7C90EA1A3BE1EAE0B1724EBA99609D2C38621B3A616ACD98C7BD35F86FBCA15AF038A023D6224A2C7E7217AC44868870C4154561608AD560DB702CC1F2C87B5A444B29EAAA970CFE262242C2E04CF30B0141783EA9D0E7DC12BD02426AAE522281AF2C6C175FEBC643D550920743AA4FF5A0EDDE4C96A99148DE68F8BD0BA6E9D643D5553619E6160DFB74F4D93A21133759A2C3D5547803E3F1F69FB7F7E6CD59B50E0DD6EFC936A107D0AEC846A23804C4A46AF2D5BC2F2F2004068B5881E3B56B29E6A04247DBA0A644A4FB5CCC9826EC204C93AAA1040656420FEDD456A985284E831611A0109EFBD0F820A7F7D951E315CF214544E0049227EC102C566D40099D253723AAD98005DDE78554B5A4A4165664892574C807EC60CA526D405C74912573C7163A6054F40D8961658BFF91AA0A29050B8186452B25277A1C1F392AB528A08200D0668070D0AF8CC595B83C6B97385D294F5BB6F915E7E10746EAE129721E1ACAB0367B74BD251340582E5FC6DBB77E3DED4A97E7539D66442E3BCB94ADC3D12F6FDD2D370650404283FB77CB61AC677DE06CF30DD9E79EEDE953C47C582B35A61DBBE5DB29EA229103D765C5787E7615AB204B61FB70595D7E6E68ABEEF0B09960548D2EFA7A6952BC1B5B64A36253B1A222606F4D0A142BFF1AD05215F1E006267CDF6EB3B6B6B605ABC38A87CC7CD9B705DBC88F6132760DBF603CC4B97E276F60B701C3DDA4D96A93829F10DBC903D02E86139C27FC15E56067B59D923756267CE14DAEEEBD7F1E0D55920B451016539BB1DB7870C0E78EDED69B8E3D7E73D1E781A1BA5842F40F608A07373BCCE19064D2B5788D2E9BCBAEEB87913F7F3A7836D6E82C7680C7884759D3D1BF4CE9FB3FBDF24311515928FC19D904D806E827701B46CDEEC5DDC44C071F83000C07DED5AD70EC17101EFF499AAAAA0768887D611CBA68DA2FC07822C02A2FAF747ECECD9605B5AD0FA95F83294E3F06180E3BCC7569F45CC5957D74DB6FDF8F1A07634F17142DB75F62CDA8F1D131D43375B7294928A8A00928465C37A7056AB683DB6C90CA6AA0A9A8404C4BF315FD811983F4FFBCB994C70D604AFF1938654A16DDBB143F26D902F241310D5AF1FE2E6BDEEBDCF9351866EDBBB1700D06BEB56645456824A4F075359E927633FF04BC86F7E840B549EF7CA2A802402089A46F29A2F019284ADB4145C5B9B6487F6B2BD604D260040F4E831482A2A026B34C27DED9A20E369680811B106DA01030000CEBA5AB046A3E4187C217A1BD4E8F5482B2F17163FC78103B21C72361B6E0DC8023D7214C884783067CE00005C972E419B9D0D0001B3C84E44F5ED0B22260600C054FE212B065F8826A0C78A95C2CBBBCE9D0373FA946CA7BCCB05E7C3F3DE6CEE7AEEF104D5A5870F17DAEEBFAFC88EA113A20960CD26F00C03D7F973302E5CA87A4E2F761FF74DBFE5263FBE104D80A5B81896E262C50E83817739BB3A21EA7AD1A347096D4D6CAC62BF11F1911400F0CE2E02425D9C6A127B08EDE4CFBF80262E2EA8AC18440E013EDB5EA8FB05B6A559686BB3B391BC668D22BF114300E1931946F5EB1754AEFDC811BFBE76C0F38AFC86BF98FF1F7C877DB0321B00B4AE5F0FCF8346E8F3F3E1BE7E1D968D1B14F98D1C02E868A1AD1D3810844E17381FE038B495EE94F43D702844CE14F0FD5A942491B276ED13F11B3104784CFE296DEC9C394FC46FC410602D2941DBAE52F02E173C77EEC0BC7CF913F11B119FCB8713113302C2856704843B8070E31901E10E20DC78EA09F817F11D5C65FAD01B280000000049454E44AE426082, 56, NULL, NULL);
INSERT INTO `user` VALUES (4364566, '温暖', 0x89504E470D0A1A0A0000000D4948445200000040000000400806000000AA6971DE0000000473424954080808087C086488000000097048597300000B1300000B1301009A9C180000075649444154789CED9A5D6C54C715C77F67EEAE0D980F63FBEE8701DBBB368450BE51D44A4D9BF091D0E6A10F5514DAE4AD6D4055145ADA06D2448AFA408212292828690B512BB569A1A87DE9431F5A87CF546AA328400A849264ED0542C3DABB366030D8DE7BE7F461ED945063E3F55DDC4AFB7BDB99D9FF9C73E6ECCC9DB317CA942953A64C993265CA942973A76974DD582212894EA40DA1099DDCE12856F340E384D930511303586B6BC4E04DA40DA614A2CDF1BA1589A8BBABA161C6CCF16ACDAFAFAF4D44DD5D4DAEBB2408DB6EA62419A056BE6984F5D217F68027C6A335E0E7B719E1710C9DC03F82B1F03F9424034CC87F056BAF89910DC96874E10893AB82DEAA7F6EBDBB54846F5BE8B12AAF95C4D65288A6FED57D5E8DBC083822FE2BB79E5D76889A1DB7EAF63D76004694ADE9CECE8E12988A94421460F6ECD9932B07FA4F636840EDAAB68EAE8363F97E73DC5D8BF2678B4D4DAEE9FADCA9530C94C2CE926400C0F9F3E7AFE3B05E555B716C6AACDF37BE7C04BADF28EB4BE53C94300386E33E089D8B44561A63D76065A1851882089A053989E8BE3999DC9B87B9734763D101688ED72D477924EFB1E35C2E7761A4B10B1650D1DF5DFB24981F02F151A42FA8D517E774E67E3A5A2092F1990DD8D0F7ACE58D33D96C512744D1014844DD5D46586FB1578D956D32BDFAE5542AD5FF5FE32291C582EE15C3DD00F7CCAFE081E593589C0C13996910814CB7CFF1368FD6237D1CF9B090EDAAF63D75645DFA93DC87376BC6E3F12953ACB705B54F61CC648B7D359DE9DA588C1F4507A0A161C6CC505F78AB18D900388A4DAB75D6A73B3BF70D8D698ED6AE44F913C64C59D612E699C7A6B3A0313CA2EE89F63C5B7FDBC3C9337944B9E4E3AF4D7774BF33D49F8CD53DA456761AC31C0B1ED89FDB4AEFB9B3672F5F2AC68F71EF01C9687461E1A893D5A0FBDB32B93543ED88F7B660AABEF5D52A363D3C0D739BB3F9BEB275F7157E7FE81AA25CC4724F2A9B6D0348C4DC8306EE57D5562376532AD37D6A3CF607B60936476B57FA126E3F93C99C5DB0808AEB39F798312CF8CE4305E78BE127BFEEE10F87AF81E5DDB6CEEC1700BF29166B0CE135A532B9C341D85D9253A02556B74991ED2BE655F0AB2D35B7BDF237E379CA37B676F3CF737910DDD07621F77AB09696E639C0F1ADFC40049E7D6C7AD1CE038442C28F1F2D648FAA3E4D09162CF000242391FB8D61F6E7EFAEE0AE39E3BF6BAD9857C1A24418C124E6C6EABE1480899F21F80C30BA0A60D5D2498149AE5951D0B22A0F04263A48297E020B0116368D7CDC8D8525C982960A8B03131D644C39DAE8BAB190C3516B6DCD509B01C5C88EB64CEEE9428B4641A8AB0E2EB6D5D30A5A025F1B6A4B46DDEDA2F6BBF6C67D414CCE1167592A93C9DEAEF69802604414ABF91BCB581654543EFD2C564CD07935DCCE27A29E153CB9A15BB0F99009DBB1688F29008377F2D10A985980DC25CBAC3A672CF2B7E4E295824F56F58F436D6D99DC6660F378B54BB109BE0F70F24C3E30C9E3E98296418E07263A480936413900B0EF685F608AFB8E14EE586A680D4C7490C003509DC9EE079B79E7F400A73F1EFFB5FEE847031C6F1FC06253ED17B27F0BC0C4CF1078008E401ECCCB005B7F7319DFDEB2E6392A9EA76CDB73A5F041651B2314508B25985D0A6889BB0F4EAB9AE65FEEEDBD146FB8F66EFEFA94AF7774DB486F1FDCBBB0B228CDE7775FE1E07BFD28FA76BA23B711D0645DDDDCEAA953575CEAED6D0FC2EE7167C0DC7A776932E21E56E52F21F15F0738758A0107FB88C295375A7B79614F0FBE7FFB8BE75BE5F9DD3DEC3D780D55ED0AA9F3286001C4C82F8DD1D644CC3D908844C6FD60547406CCAFAFAF9D3E65D20E60A7084D8A4D639D2D177B7BD300DD57AF67674EAB7A0BE1E113EDF9CABF9E18A065569878CDC8539E48E7F9FECF2EB1FF683FA8768B616D2A93FDF4CE5F5D35F563157BAF41968BB0BEA66A4ABC6A66E8EF3D3DFDD78BF1239892989A1764DA8CEDC395C49AEA6BEF12DFFCCE08CB001625C2AC5E3E89C5C9106E752118B9CB9693E93C078EF5712C35787C5A8E88B26EA81072232D2D2D95F6CAE54D2AF6598399AAE86BED99DC93C5F85174009A5C778971749DE7F1EA684551C049C6228F83BF59308911475ACE21BC34BB23BB6BB4A268435D5D3CE4C81360F6B677749C1CAB0F7087CBE28024E3EE17515D2DAA8B80282016C90AF2BE60F7B57574BDC5E0EFFDFF9EE698FB9564C43D3C2F1A1D79D587A1C5759B9311F7504BDC7DB014B60D51B27F861A1B1B276175A718BEECE38DF905085F242986FB54EDAEC6C6C6E08A0B3751B20038FDBD4F61A451555BDB3ABA0E0D37261975B737C7EA5E1AAE2FDDD9F9A68583609A9CFEDE1F95CACE92EC017367D7CCF23DF94031950EFE925B95AE9B23B5D7ADC14B67BA862D1B272291C5C6E851C5F685F3CCFBA0ABEB93A06D2D490658CF6C144C95A03B47AADB5B10196111D29D9DC7517E21982A2F2C451D73A3519237447C5FF6886327DB4AEFB9F16AF587FB9FA9F02AF2A8B33B08DBFEA748446AFB92B1DAAB1369C384BE2586989C6083AB9C14C18406C01167D9586B7865CA942953A64C993265CA9409847F03D3CCBE14220D1A350000000049454E44AE426082, 0, NULL, NULL);
INSERT INTO `user` VALUES (4543534, 'honest', NULL, 15, NULL, NULL);
INSERT INTO `user` VALUES (6546353, '小鱼儿', 0x89504E470D0A1A0A0000000D4948445200000040000000400806000000AA6971DE000000097048597300000B1300000B1301009A9C180000070549444154789CED9B7B6C145514C67F4B4BA1F842CB43B02018500491972F041345510904351291A08268140D4800831A1208F5057FA1C620A8F80004B5BE81A84804AD88C4825A04A322F2328A3652A00A7DD8F58FEF4E763A9DD9EEECCC74D7D82F99ECCC7D7CF7DC3BF79E7BCEB9B3D08C6634E3FF8C5806DBCE05C60105C0EFC001603FF07306658A145D818781ABCC737F20EE72ED028A8073322063246807BC04D4A00E2EB0E50D022E07C602338125C041128331A209E58C0423D0F48E031B819134BEEC72816B81F9C0E9510AD714D8001C026E09C0710AF00B303714899A1827016D0372E400A56816DD1758A226C085C037C0B9217276007E04EA80EB42E44D195D8077802F8029400B8F722D806D4035D02D6419BA031568AB6C133277A32845A37F144DC5251EE5EEA1A1A60F13D30DFF2311F1BBE22CD3E80AB49ED799E79B5CCA6E446FE8C48864C90576027F47D84603B4076AD1BA3E19EDEB9568AA3B51880C1E377405CE0B419EA9E8058C0D812B653C611AFD0DB81E58659E3BA450B72DF02E09E3A6186F1D920A3AA3E5581C80232D4C067E059691780B57DAF2D7024B1D75F2813253F67DE043733F2CA02CA546968C20064C441D19694B3F8A74801D0BA8AFB44699E7C901657813CD82960179D2C645684B3ADF3CE7A38EBD6E2B73027004D881ACB9DBD012AA05FA066CFF29D35EB7803C81605FC779C88D9D6A4BBB1109390DF8DCDC5702F786D0F61CC3372028516E80BA75B6FB6A64A8D86169FCCDE8CDAF408AEB8F006D5A780D29D7ED2170458622E03019B0DAB20531823B42CD70A00FF03109E57B3BB01A798C69C14B0774419656BB748993A006D802AC49A36E0E7019EAF41CE039A47CE3A14987B69643B8C7EBC2BC8AD294EF6E1B470501DD6EB7F0D41C601EDABED60521F7403E32A53B211DE1F7ED7502BE47C1960DC81A4D7B06B82D816AF3DB0DE8E1927F00F8DADC774001106B20FF023E05FE31CF316008F595613EF2E4AAF12F780EF02AEAFC36E00AE001143F0C0DED4884A0DCAE1AD409D07EECCCB747720778701C0726A421DB6C53FF196469EE4496E5A034B800EF086D21B017EDE30F9178A398F48FCC7D77E4D8583C95C0DB4095796E01DC009C6A9E87A338C24260864F59DBA058C361B4EEAB8081C056E02D64798686F968A46F0E9314688D0E3E0E21FFC00F8619996639D24B508024AD532E2FBF7C02500EBC910E69121C075E463AC16F70B38BF9DDED48FF092DC9D3828996400F34D24F8745E8407792C715BDD0D7D45BE448DF07EC092E5602134828BBE3695C7B49AC79D04E53E62813C7BF2313037E4071076B77BAD3702DF4C9554F38272CF22FD1DAF28B838E7AB5C026744466A11FD0D3276F1C98047C02BC873CCB994831867A6A64C5FFCE6CA45C2BEABF690BED69DC362F366DE4F9960EEE47BB521CB9D643D3E0488AC70C792F8FFCDEC8D8A933E59E35E9F9E8E0248E8C9C55B80F10C80FA822FDEF13BAA25365BF3B494A988C3A71B54B5E6B647C54A393222BE059088C31F7EB516C300EACF468A38C86DA3C2370D30165E677380D7D81F1C808998114CF7634181524D6F86EE02E141F1C8702A23B6D1C9D51B468B52DAD0005502F269A406739B01845A5EAC1CD0ED88C14CBAD246CF83C34232CC3A806789144472A51DC6F8FA9F728F2194031C02136FE2968EAAFB2A52D03EE40072F51A01FB01C1FE1F859680A5B71FE49B8DBF41F001D6DF506915816CEAB0FFA2CA6066D95963F1143B3E833DFDD4A1D971A191E776678054416A2D8FF2464DB17A3EDEC05B417CF45D37A87A3DE5634DA839137B9147DDC300BCD8E12D3E634E098A913379C1700AFD8D22DD4199E2D687914A19DC64209B22E2D0C434BCFAE60FB9BDFEF3CFAEB8ADEC8F138068C46CB652F8A17A48A35E810A32D7AC35E464B2F74F6E8E581CE33E5CE4036863D6F93836B914BFD3A3470BE4367439102A9416FD1EFBE1D431EDBB724CC5F2F21ACF3C689C825B72EA78D9FEFC877E32B30791D914117E80CA1078AC0C4D18C28F779D522C3656692367A9A32EBD3153209AC9884EB616A2A0723BBD0FA9C8DB4B95FE3A502ED0A9B9394198996D8729FDCA9E02BA4AB46A0FED6DA33533D193A0A3C18AE5CF53014BDA523243EA44C1571A47C2B6C697948115B364519DA8506A0259175D84FB008B3D3C099EE516EAAA35CA0B3C1B0104391DE3214E7F78B38FAEEC08E6568B7B066407BB47B15A62963A46845C3A3F5B0D1D5B4F1A43323C8A72A61A10AE9988208DBB04EB81A9C4C67C300807480DF00891F58419E7D11B611088BD1141D1811FF4AC3EFFC86216B606D836B23E0B61CB064764856603D1A84F12172E6A223B438704D88BC91E06CA40CCB09E7834A90D64F1699CA3A8C463EC19FC02501787280E751E74B49F2994E26FF34E58551C8336C89DCE0129FF55B23D777305A56639013F79F427F145B0C621E2F22054B371B6780857CA410FD7E681547F1C9ACD7FACD684633328F7F01B7C50D458F604F7D0000000049454E44AE426082, 46, NULL, NULL);
INSERT INTO `user` VALUES (6765766, '林深时见', 0x89504E470D0A1A0A0000000D4948445200000040000000400806000000AA6971DE0000000473424954080808087C086488000000097048597300000B1300000B1301009A9C1800000DDA49444154789CED5A7B709CD575FFFDCEB72BC98FDA185CC0084B5ABF70084D617079A54191766D5C2031D080B1A51598D2B8493A800712682838069A098194340426E63132DA951D9E86F028465A19D53518070786123B918DBE951F3CFD8863F4DAFDBE73FA87B123CBBBD2EE5A4A33A97F333BB3FBDD7B7FF79CF39D7BEF39E72E7014477114FF9FC17C072C5E6CB2764A471584BDCDF3CBD682B4A11266F16293B5D3DC2F29ACBBA566F2FAA1E21D0892EF8035533A7EAAA6ABE0FBFF156EECB80B00AA56744C9ED5E84ECF7B7633562DEFF8FC05B1E40400583BC57D480D2D62CE1B9178F2A6BCF90A40DE0610629E08FFD9880566B8311C779738BE6D51E3A648CCBD331FAE7063C7A38EDABBBEE9D6483C793328FF403A1728F003036AF395AD10E46D0035BC01F082638BBB56087527C1DB61F643231782BCA9B2DE2DC985A77AD9D652020B609C03CA53007E00E8AF12F3CB128045086CC85B9B0290BF0788DE07D5397B7BC69401723F00A8619C87C033004A824576762E3C140B43EDD3F4C9652FC130160060BC7766A3FB25016718E4C7F9CA560872364055BCBD3CDC906C35959F4184BEF8D717930F29B453C029AD35A53B55F11B35391B002231F796EA06F7A1AC84B4732178BDB58A1EA8D354B16D4FD7AEA714BC511529C07F26126F7F2AF2C47B638740CFEC62E4DA31124F2E33E0741A5A402C526857201898E8A7F45C8AD3464B4F304542C1CB1D5A97195E060038C1539A6B266E3E8C2FE6DEA0E49200ED6C0F3A46C011E6D907247F031102762760D798F1914434F4BDA153F950E4EC01662650ECFDE296F29BA0582F90919AF2BF9E8856BCE8889736E5D32612F31978D38C8D0A3E6222EFA8FA8B32F1A54FAEF8A998ADF77CFC6204029B9B6B26B5429C45FB95D7A7D3A51577A8B28B60D1D0A97B3872F680EAE5EF7D413CBE6D225F15608F01FFADAAEF1F57D215DA931A75AFAAFDBD5FD2758AD33BEA3F051C95F6ECBC802357506C699AC189AD35A53BFB735636EE181FB4F4FB00BE9B667059D0EFDD0A9180A89CEA3BFE4CFAF6A33483D35AA313B70FA9D67D90B307B4CC9FFC0E44EA4D71CFEECE9DEB6176AB80BFFA605FD158984E1491939CD4E8F7C4F85726FC5AEB8250CFB125FB7EAEAABB039AFE4626CE2278E72AD4A1E2E900BC312A78CD68D76B49FA13FAB8C384F70CA7F2401E1E30ABD19D9EF26D2C1DB4089D7B0DDE83B4C01CFAFA00840198B599F22921124D75152D07C64562EE2D4A2EF2D356DEBA20D4D397B33A967C95B08F13D1D015000033562E4B9E100C6089D2BEE2178D9AD67AC5099F0E99B61990930122CB3B4E82DA8E4C6D067E2069BDB06941E8ED4CED1735768CEB367F9B98DCD01CAD78E4C0F3598D1D67AAD99B543DC71C1E67C6DBA9980EC15885763974AE6CAA297FBE30B57247560354C5DBCB83E48803BF3D450C4ACF71F466CF63A9E3E0541F1622E4FB2DD18A8D034D1289B9FFA186BF2BB6E0C53E550140E1DF67C6A90CE84235590AEA4EB1C0B3AAD8E2005BD4B12E0010DF0EC935524E705FA6FDA4506434C0458D1DE37ACD761FDE6230E2BC444DE8F58148238DC96755AD14C02E423E0695048728B4D55DCDB593C60F0D1710C8F4F0D39476071D330AAF1107AF02007BC5490B36027A3F801999C65DBC74C7F8AE91E9A530CC11701F80A0C20F8A89030206FBADA3CEC50080A01CAFAA7F0100AAD625221F9A973AE485A8F090DF42CE37C5B547AA745F645D02D571F77F0458D95C1BBAFDC0B3AA587BDC01E707902E7B393A6D3B00CC5AB179A29F0EAE816827149F2309055E69A9ADB810A40200CC6466ECC3F1BBBB777CBA61E18CAE42858DC4DAE3068E4944435F2D94A33FB21E83041F07EC9A731EDF7A701FE82E0A5C67344B23F82000C04C3C2FB0CEC4269AE144189F2F2E4A4D6C8986661F541E00486DAA9BF0F191285F59EF9E08C365023E5128472664F580CA7AF71827C03681AD688E86AE3FF0BC3AE6BE0AC5DFEEEDD93566DCE8E396C338C7A777CDEA9A29F54329585F2C5E6CB2766AC7D3AA98BEB77BE717362C9C91CED4E7B5A9C93A5F793DC4DAC4C7F79AAF0A6D1A8C7BC06330DCE0CE36D80B42F9E1B8E2F2DB9EBC827E75ACED5441D1AFD5FCB745E474024F34D586E61E898203A1B2DE2D0904F9A041E706E89CFF4A4DF96169F2EC58DB98348B9E344325690F9BDA1980FC0D04DF6CA9AD787420FE41E3809931F7529F16139336C0EE291679B9DBB7D744309D86AD4DB5E5A143DC7D8850D9B8637CD04F7D05C25BA076AC522E6B8996AFE9DFEFCCA56F06C78E1CDF24A61361BCB8F9AAD02698311CEFB889A6779BB036511B5A9E6D9E9C02A10B56B8159EC7C524AE0450023398992970F5EABA490D47A0E72198194F7ECB83DEEDA88D84385468274C1AE0F84B5AE64FFE28D398483C793314FF42E08CA6BA0AB76F5B38EE2E21B8C8319CB22A5AF141A6F139E502ABE685928968C58292CEE07130FE04E4EF20B8B437D5BB327F35B3430CCF88E15B108766F88E9FE6F89668C537B3295F59EF9698EACD46BBA3BFF200F0BBCE5D7741F59334715DD639F311F08585A55DA0BD09456FA276D273AF5DFBB97DF98C1F0CABA2151F781E9F0300C2D6F4CF1DFA23E0E0CB068C2911C9B8016F5838236D22F5025C9695235F214D49E2F04A7865BD7B62A08861A8B425A265BF1C98C41859EE9E6FBE8CF74A46AC2A34E1A1F034536E7EB1A67CCF00F2BE41B13B2BEBDD924C06CDBB269809B31ADDE9C12037D1B79F91BA3E12736F18A87F75BCE301F8586D446320D5F55665BD7B4C81538F12B101BD50A8FB006074918CC8D49EB707803E6187DACD372E24B47D4FF7EE73C68D3CEEDB4AFB0E801FF74FA8A8DC1B10F6F49A7D432197078AA4C5EBF536078372398087F315454D3F047132CC98ED82C668E5047B66B495ED7D3143FB907800A9CF82F8EE868533D2706499A87C3F124B5EEB40926ADC74E093A66EEFF1BC330DB86D6457F0A557E696ED768437FAC2D70A9B59D60864427845F2F4ACB281172A74ED9225998FEABCAFC6C2B1F6AB687277735DC58903F58BC4933703B815B42B1DC146DFC32520EF33E82589DA49CF651B37B361CBF126818FCCF41D33EC77EF3E6F57FA6C40A634139C4EA0C8D4EF02B0950EEF4BD4EC3F9A238DDBA6AAEFBF2BB4AB9BA3A11599E6CB7B090849CBE136305D5AFEA3E0F68ED3016BF08C2B6976B591FF96A809FD62A03B1F2F25239C124020DB55F0D6678FFFF0A2EC0FDF4D4031DDAC94CF032811C814181FAB8A256F2D1E990AA73AFD2700FDE517B7841E6FCE325FFE7B408E68ADA257B9DAA2C11D5B5BA9762D02FCF7C4BCF2DB72BD4C35F82B13B5931F19BCE7A108C792DF76CCBF3BD519480A3509C7B9289BFB0305EE012AD9974EA4B1BD321C73EF01F61B0162CB00C0EFD29F80349831126B8F871B3B26651A3FBA488E685F4A442BEE21F08F24C4C8DB9BE797BF3F50FFFC27A374023A1A66198D60909369F8A78B1A3BC60180294E000027880A0008376E3B0D941A53CB78F4A51DBF14003C063EC95BB6CFD05437F95183AC04F8B5C1FAE66F009F9B043232DCD03E3523A15FFC2C84EF779BBFA13A967CDA14B719F05B38F26C75DC7D9CEAB700D6D4525BFE56A6F1299F1701404F9087253EF9C0215A0C3873B07E791BE0BCF7266E84A20322F333B537D54DE8343F709E401E23B1576857078F4DFD358CDF239082F0EE4F83CE9CAC7B0159E3C376AD9B5B96A126993B0CF8BD40471D09475684E3EEA2EA78726FF5B2ADA543C93BEB31F79A483C69E186F67F3D52AE483C198D34B8832EA382369C638B3A1F10E816117D66A86E6F2331F71C152C056C7BA26ED25D47CA67CA9C629C820CF0E415A7A5C4F12F0174BCA69CD76736B4E7F49F808C309348BCE30EA3AD35434FAF759F5530573F680E476EC171C02BF3A66E9BFD78DB395EBAE82113591789BB6B605865846BC004AA4C0000500D000EA49034E867A5E2D1069EC606F72C383202C0C611DD45958985A1A1B9F4A0CF5CDEEF1105422FCF9DF609804BC38DEEB950D6113A8F9052838EA1689FD9FB0472046800CC0C440F814D1E78C7AB0384C7052353DEDE0F4312097E765374F0B6281C4FAE33B39787F38F0D834148FAB9F41B7649FE0F213AB807FC591B20170C8B01A820987FAA3D9430CD6DFE61F30062E8EF0AF29A5F06777FE0E81218260348E64CF14F11C3561081F571413386976F0D05D54A004C50B11D14F4AC9A174AF61F5659EF1E53EC38E301C03191DE622B7514F405468351CDE07980B097C68F00605FB17CB86E6E597721620E9F01FA6066CC3DCB44D67907FCC208F8C0ACC68E19FD2F3B8341AE54E8970140A1100F3000D2774771E4200D008CECF51F06F0F542641B9625A0FD8AAD4DD1D07A2A2641F1204C7FED04F6E7E90A1C5EAB37140376BFA84C85E21653DDE3903345388B9E5EE0F93ADB87D6018027B8186A2F086D64A1B20E9B0718FA2C01D29A00371C77779A714F5A46B40591D963D55409EE7EA5AE6C4B38E67E424AEFAA9AF2436A9A91C7DE2B8303104C82BAF748E4FCA39E0204550689CF093918C11A498566ED4F3F97FAF4C018A640284BBDD030686C4019BC8FEFECCFF545FF440D0020632646989A0E9CA32BF4A0078881C810CF1739B9153B72C11F3B10321B640948BF08520688E824905BB43710866513A4C83600B746E2C91B1510401D51889A1591588EBF3CBE073BDC5D3079BEBAA15D05E200B6FFA35602F2E7006066DB6938A93A96FC18A68E88880292F63500636F9A453B8348ED00795DA4211901CC319863228E6F2826F4DD41651D0E03543EF1D1E860BAEB7C429C034989EDAFD0F8A2C5AB9BEA267456C5DBCBA93CA3FF5807FC7D53B47CF581AA715543F23CC28E77081A4153D2F6275A1B5BA2151B67BFD456ECEF299EE5AB151FA298C104DE9AA6BA291F0F878E47711447F1E781FF058147517AA62740DE0000000049454E44AE426082, 51, NULL, NULL);
INSERT INTO `user` VALUES (7657878, '泡泡', 0x89504E470D0A1A0A0000000D4948445200000040000000400806000000AA6971DE000000097048597300000B1300000B1301009A9C180000038B49444154789CED993B6B14511480BF15066263117603EA1F487CFC072398606391461292A0602B5859987F61448BA49214012B2D154C342B760A426093C288621A219B9720A4588B7BC78C939D99731F333B1BE683536432F7BCF6DE73EFB90315151515E56216D8D132DB635F7AC20ED0D1B293B7B15ADE062CE8C4FECED5C733792AEF076C1330004C01CBC02670A865533F9BD2EFE4C94DE03DB004D473B6F58F1A3003FCE0789D26C97760DAC2465C4F372680A3C83B4B16768C0980675D1CCC92A77AAC94AC04C483EFA06642AED4B00B3E9A04296909E816FC116A39E4CA4C17C74C45BA1C92B6C1A4E027ECC39231806CCD4B6A82A430763B085DA247C183AAE8AEC1873269E9C31D7A143CA86DCD5702962D7D380FFCA207C183DADB7D2560C3C18F8BC05DE0AA830E2B0EF1978083827DCFA41F8FC261914C4AB2F72EB22C4B20242DF86812444866C027731F13F9EC519717240978E5D1DE4B0F3A1E00ED94FFB7F53BDE28FA20544A8A3C0A9792229BA1D212A002B109DEA41D2E3DD3A8F52C59F37D3DEDD318403536CBA8BDFD40CB867E36499F14BC32DE0A8704C028700BB80C5CD002B0AD651DB54DAFA09AA453C110300FEC22AF33BB7A4CA307FE7A2300E6807DEC779B7DADA3EF8A6E1D7887BF9E639502AFCA5D1901B6F0177C285B5A77A969904FF0D12458CF841A300E2C022D8EB7BA967E368EDB2E12E077DAA72D07E39A30023405CA9BC0B0A972CD9C636026F2C8C4B1EBC09E81F23D3DC68421CCABFD73601038075C41B5BC5F0C7C146D912386C1470D98CC84790B1B835DF4D480FBC06FC1F8C7594ED5904DFB245943561302CC0E396909081905FE648C6F93510BC61D820F654C9080314BDDE11248E29E40C78D34C7163D2460419080278E3676512DF6D998DE8660EC7C9A632D0F09680912B0E2C14E07F8C8FF7BFC6DC198B7698E1D78704AF2E163C353023AC037E0216A5665D580CC1FA8A804F8B0632BFB7167A2D7E23F05CE67E14347A14413D0F4A06F4DF0CEB6073BB69CB01D4DC00B0F06243A4A9B80D7C00707E54DE08DE0BD75071BAE64DA2EE2286C7B10F221A907A190BC9B21DBA3B0AB641E85A30C936F3B6CD30CB94A66331427BC1059E0E485C8026A2ADB5E88D8B4C32E226E878BA4B417224551EA2BB1A2A893EFA5E857FAE07A3CCF6B71DBFBCAC2A9A3A6AACF695FFA5F3E4E802A562EBBC39ED651DA352FA181DAB3DBC8036FEB31C65B5DD93F8F5F43F6797C9553F479BCA2A2A238FE02DD0693138F0C5E510000000049454E44AE426082, 36, NULL, NULL);

-- ----------------------------
-- Table structure for user_message
-- ----------------------------
DROP TABLE IF EXISTS `user_message`;
CREATE TABLE `user_message`  (
  `message_ID` int(50) NOT NULL AUTO_INCREMENT COMMENT '主键',
  `message_sendID` int(20) NOT NULL COMMENT '发送者ID',
  `message_receiveID` int(20) NOT NULL COMMENT '接收者ID',
  `message_time` datetime(0) NOT NULL COMMENT '消息发送时间',
  `message_kind` varchar(20) CHARACTER SET utf8 COLLATE utf8_general_ci NOT NULL COMMENT '消息类型',
  `message_text` varchar(255) CHARACTER SET utf8 COLLATE utf8_general_ci NULL DEFAULT NULL COMMENT '消息内容',
  `message_picture` blob NULL,
  PRIMARY KEY (`message_ID`) USING BTREE
) ENGINE = InnoDB AUTO_INCREMENT = 19 CHARACTER SET = utf8 COLLATE = utf8_general_ci ROW_FORMAT = Dynamic;

-- ----------------------------
-- Records of user_message
-- ----------------------------
INSERT INTO `user_message` VALUES (1, 1414234, 1234567, '2021-01-07 17:26:17', '用户消息', '请问你什么时候有空？我想领取失物。', NULL);
INSERT INTO `user_message` VALUES (2, 1414234, 1234567, '2021-01-07 17:26:34', '用户消息', '拜托了，谢谢！', NULL);
INSERT INTO `user_message` VALUES (3, 1414234, 1234567, '2021-01-07 20:12:39', '用户消息', '你确定这是你丢失的东西吗，能说一些具体特征吗？', NULL);
INSERT INTO `user_message` VALUES (4, 1414234, 1234567, '2021-01-07 20:13:02', '用户消息', '是的，我的包底部有一条红色的划线，包里是我的一些证件和钱包。', NULL);
INSERT INTO `user_message` VALUES (5, 1414234, 123456, '2021-01-07 20:14:18', '用户消息', '你也可以看一下证件，我的名字是张梅梅。', NULL);
INSERT INTO `user_message` VALUES (6, 1414234, 1234567, '2021-01-07 20:16:17', '用户消息', '好的，我可以确认了。明天下午4点我会在留的地址处等你。', NULL);
INSERT INTO `user_message` VALUES (7, 1414234, 1234567, '2021-01-07 20:20:48', '用户消息', '十分感谢，明天我一定准时到。', NULL);
INSERT INTO `user_message` VALUES (8, 1414234, 1234567, '2021-01-07 20:21:22', '用户消息', '没事，明天见。', NULL);
INSERT INTO `user_message` VALUES (9, 1111111, 1943853, '2021-02-19 13:29:27', '系统消息', '您发布的任务被他人完成啦！快去确认吧。', NULL);
INSERT INTO `user_message` VALUES (10, 4364566, 6765766, '2021-02-19 13:31:40', '用户消息', '我看见你完成了我发布的任务。我想确认您找到的是不是我走失的狗狗。', NULL);
INSERT INTO `user_message` VALUES (11, 4364566, 6765766, '2021-02-19 13:32:50', '用户消息', '可以请你发一下照片吗？', NULL);
INSERT INTO `user_message` VALUES (12, 4364566, 6765766, '2021-02-19 13:43:49', '用户消息', '图片', NULL);
INSERT INTO `user_message` VALUES (13, 4364566, 6765766, '2021-02-19 13:44:23', '用户消息', '那我们约个时间见面吧，就今天下午6点可以吗？', NULL);
INSERT INTO `user_message` VALUES (14, 4364566, 6765766, '2021-02-19 13:45:18', '用户消息', '可以的，理解你着急的心情。我带着狗在莲花公园门口等你。', NULL);
INSERT INTO `user_message` VALUES (15, 4364566, 6765766, '2021-02-19 13:47:28', '用户消息', '谢谢，非常感谢，幸好及时找到了他，谢谢你的帮助。', NULL);
INSERT INTO `user_message` VALUES (16, 4364566, 6765766, '2021-02-19 13:50:04', '用户消息', '不客气啊，大家互相帮助！', NULL);
INSERT INTO `user_message` VALUES (17, 1111111, 7657878, '2021-02-19 18:50:40', '系统消息', '您接受的任务被他人完成。', NULL);
INSERT INTO `user_message` VALUES (18, 1111111, 7657878, '2021-02-20 13:51:48', '系统消息', '您接受的任务被删除。', NULL);

-- ----------------------------
-- Table structure for user_task
-- ----------------------------
DROP TABLE IF EXISTS `user_task`;
CREATE TABLE `user_task`  (
  `task_id` int(20) NOT NULL AUTO_INCREMENT COMMENT '主键',
  `task_acceptId` int(20) NOT NULL COMMENT '接受者ID',
  `task_noticeId` int(20) NOT NULL COMMENT '启事ID',
  `task_acceptTime` datetime(0) NOT NULL COMMENT '接受时间',
  `task_state` tinyint(1) NOT NULL COMMENT '任务状态',
  PRIMARY KEY (`task_id`) USING BTREE
) ENGINE = InnoDB AUTO_INCREMENT = 835367 CHARACTER SET = utf8 COLLATE = utf8_general_ci ROW_FORMAT = Dynamic;

-- ----------------------------
-- Records of user_task
-- ----------------------------
INSERT INTO `user_task` VALUES (143434, 1414234, 459798, '2021-02-01 13:53:02', 0);
INSERT INTO `user_task` VALUES (243432, 4364566, 459798, '2021-02-19 09:53:39', 0);
INSERT INTO `user_task` VALUES (365464, 7657878, 459798, '2021-02-19 13:53:56', 1);
INSERT INTO `user_task` VALUES (465765, 3454353, 459798, '2021-02-19 13:54:15', 0);
INSERT INTO `user_task` VALUES (556756, 6765766, 594876, '2021-02-19 13:54:25', 0);
INSERT INTO `user_task` VALUES (632421, 3454353, 594876, '2021-02-19 13:54:53', 0);
INSERT INTO `user_task` VALUES (754535, 1414234, 594876, '2021-02-19 13:55:03', 1);
INSERT INTO `user_task` VALUES (835366, 1943853, 594876, '2021-02-19 13:55:09', 0);

SET FOREIGN_KEY_CHECKS = 1;
